healthy>=,unreliable<,GT_unreliable_share,state_acc,missed_unreliable,false_alarm
70,40,0.19114688128772636,0.9356136820925554,0.031578947368421054,0.0
70,50,0.28772635814889336,0.9637826961770624,0.027972027972027972,0.0
70,60,0.323943661971831,0.9617706237424547,0.0,0.0
75,40,0.19114688128772636,0.9175050301810865,0.031578947368421054,0.0
75,50,0.28772635814889336,0.9456740442655935,0.027972027972027972,0.0
75,60,0.323943661971831,0.9436619718309859,0.0,0.0
80,40,0.19114688128772636,0.9195171026156942,0.031578947368421054,0.0
80,50,0.28772635814889336,0.9476861167002012,0.027972027972027972,0.0
80,60,0.323943661971831,0.9456740442655935,0.0,0.0
85,40,0.19114688128772636,0.8772635814889336,0.031578947368421054,0.0
85,50,0.28772635814889336,0.9054325955734407,0.027972027972027972,0.0
85,60,0.323943661971831,0.903420523138833,0.0,0.0
90,40,0.19114688128772636,0.9295774647887324,0.031578947368421054,0.0
90,50,0.28772635814889336,0.9577464788732394,0.027972027972027972,0.0
90,60,0.323943661971831,0.9557344064386318,0.0,0.0
