file,camera,coverage
0779_FV.png,FV,0.04073333740234375
0782_FV.png,FV,0.042392730712890625
0777_FV.png,FV,0.04294586181640625
0780_FV.png,FV,0.04325103759765625
0778_FV.png,FV,0.04460906982421875
0776_FV.png,FV,0.04520416259765625
0260_FV.png,FV,0.047115325927734375
0258_FV.png,FV,0.047115325927734375
0267_MVL.png,MVL,0.030368804931640625
0265_MVL.png,MVL,0.030487060546875
0264_MVL.png,MVL,0.030487060546875
0263_MVL.png,MVL,0.030544281005859375
0262_MVL.png,MVL,0.030597686767578125
0261_MVL.png,MVL,0.03061676025390625
0266_MVL.png,MVL,0.030670166015625
0678_MVL.png,MVL,0.07253265380859375
0268_MVR.png,MVR,0.040668487548828125
0767_MVR.png,MVR,0.06133270263671875
0766_MVR.png,MVR,0.06671142578125
0347_MVR.png,MVR,0.09976959228515625
0355_MVR.png,MVR,0.10241317749023438
0348_MVR.png,MVR,0.10500335693359375
0350_MVR.png,MVR,0.11042022705078125
0349_MVR.png,MVR,0.1111297607421875
0772_RV.png,RV,0.041126251220703125
0771_RV.png,RV,0.042407989501953125
0768_RV.png,RV,0.044788360595703125
0769_RV.png,RV,0.047443389892578125
0770_RV.png,RV,0.0494537353515625
4842_RV.png,RV,0.06858444213867188
4834_RV.png,RV,0.068603515625
4836_RV.png,RV,0.06955337524414062
