condition,coverage,score_mean,score_std,weight_mean,healthy,degraded,unreliable,edge_retained,sharpness_retained,contrast_retained
baseline,0.05897153981071351,92.525625,5.406639847029195,1.0,1.0,0.0,0.0,1.0,1.0,1.0
transparent/centre/10%,0.14799820314127737,86.588125,5.2171308624074095,0.921875,0.84375,0.15625,0.0,0.8171756304999954,0.7367395500458744,1.0326141932565942
transparent/centre/25%,0.27771492758128413,79.6475,4.491651036340436,0.828125,0.65625,0.34375,0.0,0.5278587981622282,0.4500415189125573,0.936561705468896
transparent/centre/40%,0.4153750660381361,74.40125,3.9622083692418615,0.5,0.0,1.0,0.0,0.29991792142569595,0.25061686467105154,0.801707547888971
transparent/centre/60%,0.605952778211656,69.213125,3.559864475039069,0.5,0.0,1.0,0.0,0.11493250404663308,0.08798160436819635,0.6677531396007824
transparent/periphery/10%,0.15841188103943338,91.1925,5.412792493772979,1.0,1.0,0.0,0.0,0.9945985301162003,0.994612496866441,1.0002725304414177
transparent/periphery/25%,0.3065966734319596,88.8259375,5.361231718957397,0.921875,0.84375,0.15625,0.0,0.965907772980271,0.9644380222236094,1.0026598629907324
transparent/periphery/40%,0.4522135847100737,85.935,5.247042792327515,0.921875,0.84375,0.15625,0.0,0.9025289735342277,0.9009709014696272,1.0091311606389508
transparent/periphery/60%,0.6444884589768994,80.7525,4.928421195866977,0.828125,0.65625,0.34375,0.0,0.726121610428243,0.7283641557342267,1.0228651404048157
opaque/centre/10%,0.14799820314127737,73.97875,5.1662101602001105,0.53125,0.0625,0.9375,0.0,0.8247596623478785,0.7325324238609652,1.0892438263727124
opaque/centre/25%,0.27771492758128413,52.2084375,3.855895452148983,0.015625,0.0,0.03125,0.96875,0.5420759902720509,0.44293804246958074,0.974362484939784
opaque/centre/40%,0.4153750660381361,35.92375,2.951188661561478,0.0,0.0,0.0,1.0,0.32145979016934617,0.24191360096402398,0.7541867798238593
opaque/centre/60%,0.605952778211656,19.956875,1.5590121717334038,0.0,0.0,0.0,1.0,0.11513057800030689,0.07833828941750866,0.4230733787533543
opaque/periphery/10%,0.15841188103943338,88.4784375,5.429839366349137,0.921875,0.84375,0.15625,0.0,0.9950857355508852,0.9944341213516167,0.9988435797941487
opaque/periphery/25%,0.3065966734319596,81.2578125,5.327434009445834,0.828125,0.65625,0.34375,0.0,0.9680970216926474,0.9637055361833929,0.9842438904753722
opaque/periphery/40%,0.4522135847100737,72.400625,5.099925323615202,0.5,0.0,1.0,0.0,0.9127709118078584,0.8990944256322269,0.9712376838376554
opaque/periphery/60%,0.6444884589768994,56.5,4.422211532560337,0.46875,0.0,0.9375,0.0625,0.7497643045693443,0.7240214161757983,0.9460124557916875
