model,accuracy,mIoU,IoU_transparent,IoU_opaque
fpn_resnet50_torch_cross_entropy_all_files,0.9448176754312496,0.6133767682425306,0.275437162542158,0.8141006571866548
fpn_resnet18_torch_cross_entropy_correct_files,0.9414032489001392,0.6128207656265048,0.2810696051262106,0.824860345662399
fpn_resnet18_torch_cross_entropy_all_files,0.9435372074365136,0.6072000095408109,0.2597690497174494,0.815805669142225
fpn_resnet18_focal_loss_all_files,0.9389240640989492,0.6031698321440322,0.2646237457583767,0.8054945921195316
manet_resnet18_torch_cross_entropy_correct_clear_files,0.942734090854944,0.6026398947930276,0.264785562646643,0.8160635840189732
fpn_resnet34_torch_cross_entropy_all_files,0.9417083709532588,0.6026191357382508,0.2803239262174108,0.8054546688995595
fpn_resnet18_torch_cross_entropy_correct_clear_strict_files,0.940108838455538,0.5987061676261631,0.3022233282830107,0.8068122132549702
fpn_resnet18_torch_cross_entropy_correct_clear_files,0.9396919542155276,0.5969555087009398,0.2580182230618904,0.8037031502259343
fpn_resnet152_torch_cross_entropy_all_files,0.9386035796382298,0.5946928204600054,0.2701830001242463,0.807809435254698
fpn_resnet18_rmse_all_files,0.9396652590101152,0.5926065606646385,0.2246078312364186,0.8120354774373084
linknet_resnet18_rmse_all_files,0.9362971154257086,0.5909021364558916,0.2467811131672885,0.8065006406537735
manet_resnet18_torch_cross_entropy_correct_files,0.9400139008489412,0.5851819020633062,0.1934254855523264,0.8165200611887435
pspnet_resnet18_torch_cross_entropy_correct_clear_files,0.9402230798118792,0.5812625615179658,0.206593998609242,0.8035222234721828
fpn_resnet18_dice_loss_all_files,0.9300044153777648,0.5743472156325728,0.268986429779651,0.7589189794482918
pan_resnet18_torch_cross_entropy_correct_clear_files,0.9402727821703168,0.5730942312285489,0.1671648380635585,0.8123450426899955
unet_resnet18_torch_cross_entropy_correct_files,0.9392252716739892,0.572555607664563,0.1954303656056424,0.8076771853871909
fpn_resnet101_torch_cross_entropy_all_files,0.9351225033612318,0.5723923631998491,0.2694873127623469,0.7781228818356387
pan_resnet18_torch_cross_entropy_all_files,0.9283717211103536,0.5723447487623187,0.218301276387612,0.7938299212467267
manet_resnet18_torch_cross_entropy_all_files,0.9371025538300604,0.5706345305557319,0.175966492296151,0.815225524856219
linknet_resnet18_torch_cross_entropy_correct_clear_files,0.933652478684362,0.5704637502022317,0.2037053070609551,0.7954792563910235
unetplusplus_resnet18_rmse_all_files,0.9253881519709076,0.5637744201927577,0.2079246058500077,0.8057212775976921
unet_resnet18_rmse_all_files,0.9292023081175038,0.5626597021631772,0.2067280948209337,0.7892228068666178
manet_resnet18_rmse_all_files,0.9336048448589486,0.560664479744306,0.2262816115128565,0.7911037551221193
linknet_resnet18_torch_cross_entropy_correct_clear_strict_files,0.9263742895913076,0.560525913946476,0.2356691777968843,0.7822838027184909
pspnet_resnet18_torch_cross_entropy_all_files,0.921966786835515,0.5603686704786652,0.2356237634042651,0.7638232071478229
linknet_resnet18_torch_cross_entropy_all_files,0.9262616370525398,0.5595147089096336,0.1741076657653203,0.7949724547038027
deeplabv3plus_resnet18_rmse_all_files,0.9271863787706708,0.5590349164062262,0.2350301992370513,0.7848588953183343
pspnet_resnet18_torch_cross_entropy_correct_files,0.9303569256419868,0.5586236238394771,0.1644548772867747,0.7788338446863434
unet_resnet18_torch_cross_entropy_all_files,0.9322064397800376,0.5565191183760871,0.2141134030555329,0.7913501896278671
unet_resnet18_torch_cross_entropy_correct_clear_files,0.9355758229491696,0.5546757374671614,0.122707191633774,0.8048435378915623
pspnet_resnet18_rmse_all_files,0.9343651823354678,0.5529567318014748,0.1571081486174257,0.7894267189234538
unet_resnet18_torch_cross_entropy_correct_clear_strict_files,0.9253538427218584,0.5424074461983093,0.2595236989600253,0.7546324937675495
pan_resnet18_rmse_all_files,0.9295722723486918,0.5418717544087416,0.1384198685791966,0.7753202688755292
linknet_resnet18_torch_cross_entropy_correct_files,0.9276560700875172,0.5350319892520871,0.102432255315936,0.7597574077608452
deeplabv3_resnet18_rmse_all_files,0.9121783695950116,0.5169874505339618,0.1771336671803083,0.7329553230909193
pspnet_resnet18_torch_cross_entropy_correct_clear_strict_files,0.9149933820759026,0.509908511653424,0.22753374962747,0.7124409782330329
pan_resnet18_torch_cross_entropy_correct_files,0.9125684012829418,0.5033550605528015,0.2326996219327321,0.699787635442066
manet_resnet18_torch_cross_entropy_correct_clear_strict_files,0.9211053944209692,0.47291782378527647,0.2161166550942657,0.7087739112322097
pan_resnet18_torch_cross_entropy_correct_clear_strict_files,0.9001334744919713,0.4359817553891715,0.1272331255066814,0.6354182460039367
