condition,v1_unreliable,v1_weight,v2_unreliable@0.1,v2_unreliable@0.15,v2_unreliable@0.2,v2_unreliable@0.25,v2_unreliable@0.3
baseline,0.0,1.0,0.0,0.0,0.0,0.0,0.0625
transparent/centre/10%,0.0,0.921875,0.0,0.0,0.0625,0.125,0.15625
transparent/centre/25%,0.0,0.828125,0.03125,0.15625,0.21875,0.25,0.28125
transparent/centre/40%,0.0,0.5,0.21875,0.3125,0.4375,0.5,0.5625
transparent/centre/60%,0.0,0.5,0.46875,0.8125,0.96875,0.96875,0.96875
transparent/periphery/10%,0.0,1.0,0.0,0.0,0.0,0.0,0.09375
transparent/periphery/25%,0.0,0.921875,0.0,0.0,0.0,0.0,0.09375
transparent/periphery/40%,0.0,0.921875,0.0,0.0,0.0,0.03125,0.09375
transparent/periphery/60%,0.0,0.828125,0.0,0.0,0.0,0.125,0.1875
opaque/centre/10%,0.0,0.53125,0.0,0.03125,0.0625,0.125,0.15625
opaque/centre/25%,0.96875,0.015625,0.96875,0.96875,0.96875,0.96875,0.96875
opaque/centre/40%,1.0,0.0,1.0,1.0,1.0,1.0,1.0
opaque/centre/60%,1.0,0.0,1.0,1.0,1.0,1.0,1.0
opaque/periphery/10%,0.0,0.921875,0.0,0.0,0.0,0.0,0.09375
opaque/periphery/25%,0.0,0.828125,0.0,0.0,0.0,0.0,0.09375
opaque/periphery/40%,0.0,0.5,0.0,0.0,0.0,0.03125,0.09375
opaque/periphery/60%,0.0625,0.46875,0.0625,0.0625,0.0625,0.1875,0.21875
